Date,Open,High,Low,Close,Adj Close,Volume
01-01-2004,45.528999,45.645,45.375,45.387001,45.387001,0
08-01-2004,45.391998,45.494999,45.23,45.327999,45.327999,0
15-01-2004,45.334,45.393002,45.275002,45.306999,45.306999,0
22-01-2004,45.325001,45.342999,45.185001,45.252998,45.252998,0
29-01-2004,45.262001,45.299999,45,45.209,45.209,0
05-02-2004,45.207001,45.244999,45.080002,45.188,45.188,0
12-02-2004,45.189999,45.373001,45.095001,45.169998,45.169998,0
19-02-2004,45.175999,45.286999,45.115002,45.186001,45.186001,0
26-02-2004,45.188999,45.216999,45.064999,45.150002,45.150002,0
04-03-2004,45.151001,45.254002,45.051998,45.109001,45.109001,0
11-03-2004,45.108002,45.278999,45.096001,45.171001,45.171001,0
18-03-2004,45.168999,45.188,44.615002,44.655998,44.655998,0
25-03-2004,44.671001,44.696999,43.294998,43.334,43.334,0
01-04-2004,43.331001,43.716999,43.275002,43.381001,43.381001,0
08-04-2004,43.384998,43.717999,43.366001,43.667999,43.667999,0
15-04-2004,43.672001,43.990002,43.630001,43.981998,43.981998,0
22-04-2004,43.924999,44.153,43.82,44.105999,44.105999,0
29-04-2004,44.105999,44.889999,44.09,44.562,44.562,0
06-05-2004,44.568001,45.380001,44.380001,45.312,45.312,0
13-05-2004,45.308998,45.898998,44.950001,45.077999,45.077999,0
20-05-2004,45.084,45.334999,45.046001,45.265999,45.265999,0
27-05-2004,45.384998,45.505001,45.257,45.348999,45.348999,0
03-06-2004,45.348999,45.396,44.806,44.827,44.827,0
10-06-2004,44.828999,45.354,44.801998,45.326,45.326,0
17-06-2004,45.327999,46.18,45.312,45.542999,45.542999,0
24-06-2004,45.541,46.025002,45.526001,45.888,45.888,0
01-07-2004,45.900002,46,45.501999,45.728001,45.728001,0
08-07-2004,45.734001,45.93,45.549999,45.868999,45.868999,0
15-07-2004,45.882,46.130001,45.855,46.007,46.007,0
22-07-2004,46.007999,46.318001,45.995998,46.266998,46.266998,0
29-07-2004,46.264,46.415001,46.18,46.305,46.305,0
05-08-2004,46.310001,46.41,46.111,46.210999,46.210999,0
12-08-2004,46.209999,46.347,46.105,46.257,46.257,0
19-08-2004,46.257,46.285,46.115002,46.244999,46.244999,0
26-08-2004,46.244999,46.326,46.165001,46.245998,46.245998,0
02-09-2004,46.251999,46.301998,46.099998,46.243999,46.243999,0
09-09-2004,46.249001,46.271,45.709999,45.750999,45.750999,0
16-09-2004,45.748001,45.886002,45.693001,45.709999,45.709999,0
23-09-2004,45.707001,46.095001,45.705002,45.847,45.847,0
30-09-2004,45.849998,45.958,45.73,45.748001,45.748001,0
07-10-2004,45.75,45.801998,45.624001,45.766998,45.766998,0
14-10-2004,45.77,45.804001,45.625,45.687,45.687,0
21-10-2004,45.688999,45.709999,45.474998,45.561001,45.561001,0
28-10-2004,45.546001,45.569,45.216999,45.233002,45.233002,0
04-11-2004,45.240002,45.241001,44.939999,45.057999,45.057999,0
11-11-2004,45.069,45.132,44.837002,44.855999,44.855999,0
18-11-2004,44.848,45.080002,44.839001,44.963001,44.963001,0
25-11-2004,44.962002,45.006001,44.212002,44.23,44.23,0
02-12-2004,44.229,44.273998,43.560001,43.764999,43.764999,0
09-12-2004,43.771,44.66,43.757,43.931,43.931,0
16-12-2004,43.931999,43.971001,43.639,43.77,43.77,0
23-12-2004,43.771999,43.784,43.52,43.529999,43.529999,0
30-12-2004,43.532001,43.755001,43.25,43.589001,43.589001,0
06-01-2005,43.591,43.959,43.512001,43.530998,43.530998,0
13-01-2005,43.528999,43.778999,43.470001,43.52,43.52,0
20-01-2005,43.508999,43.762001,43.485001,43.66,43.66,0
27-01-2005,43.653,43.720001,43.219002,43.240002,43.240002,0
03-02-2005,43.230999,43.664001,43.220001,43.639999,43.639999,0
10-02-2005,43.632,43.759998,43.566002,43.639999,43.639999,0
17-02-2005,43.631001,43.77,43.535999,43.66,43.66,0
24-02-2005,43.655998,43.666,43.52,43.639999,43.639999,0
03-03-2005,43.632,43.678001,43.529999,43.580002,43.580002,0
10-03-2005,43.568001,43.595001,43.396999,43.549999,43.549999,0
17-03-2005,43.539001,43.779999,43.450001,43.66,43.66,0
24-03-2005,43.643002,43.830002,43.580002,43.75,43.75,0
31-03-2005,43.735001,43.82,43.472,43.68,43.68,0
07-04-2005,43.667999,43.759998,43.549999,43.68,43.68,0
14-04-2005,43.664001,43.830002,43.551998,43.580002,43.580002,0
21-04-2005,43.562,43.751999,43.52,43.580002,43.580002,0
28-04-2005,43.577,43.722,43.349998,43.459999,43.459999,0
05-05-2005,43.394001,43.527,43.130001,43.220001,43.220001,0
12-05-2005,43.208,43.599998,43.18,43.380001,43.380001,0
19-05-2005,43.367001,43.544998,43.314999,43.459999,43.459999,0
26-05-2005,43.450001,43.766998,43.384998,43.720001,43.720001,0
02-06-2005,43.710999,43.728001,43.384998,43.419998,43.419998,0
09-06-2005,43.411999,43.66,43.34,43.5,43.5,0
16-06-2005,43.487999,43.612,43.391998,43.419998,43.419998,0
23-06-2005,43.41,43.575001,43.380001,43.48,43.48,0
30-06-2005,43.469002,43.582001,43.375,43.5,43.5,0
07-07-2005,43.490002,43.632,43.401001,43.411999,43.411999,0
14-07-2005,43.419998,44.409,43.380001,43.450001,43.450001,0
21-07-2005,43.450001,43.564999,43,43.34,43.34,0
28-07-2005,43.349998,43.532001,43.258999,43.369999,43.369999,0
04-08-2005,43.387001,43.567001,43.330002,43.450001,43.450001,0
11-08-2005,43.459999,43.59,43.358002,43.459999,43.459999,0
18-08-2005,43.452999,43.75,43.43,43.700001,43.700001,0
25-08-2005,43.627998,44.130001,43.584999,43.98,43.98,0
01-09-2005,43.966,44.112,43.632,43.82,43.82,0
08-09-2005,43.812,43.931,43.700001,43.82,43.82,0
15-09-2005,43.792,43.962002,43.759998,43.84,43.84,0
22-09-2005,43.895,44.064999,43.759998,44,44,0
29-09-2005,43.984001,44.290001,43.845001,44.200001,44.200001,0
06-10-2005,44.186001,44.950001,44.099998,44.75,44.75,0
13-10-2005,44.669998,45.375,44.660999,45.09,45.09,0
20-10-2005,45.091999,45.222,44.869999,44.939999,44.939999,0
27-10-2005,44.931999,45.285,44.900002,45.169998,45.169998,0
03-11-2005,45.165001,45.990002,45.110001,45.68,45.68,0
10-11-2005,45.668999,45.841999,45.48,45.700001,45.700001,0
17-11-2005,45.688999,45.845001,45.580002,45.68,45.68,0
24-11-2005,45.667,45.990002,45.560001,45.860001,45.860001,0
01-12-2005,45.847,46.330002,45.75,46.16,46.16,0
08-12-2005,46.110001,46.317001,45.549999,45.580002,45.580002,0
15-12-2005,45.566002,45.630001,44.84,45.099998,45.099998,0
22-12-2005,45.089001,45.365002,44.959999,45.02,45.02,0
29-12-2005,45.008999,45.176998,44.639999,44.68,44.68,0
05-01-2006,44.710999,44.720001,43.889999,43.919998,43.919998,0
12-01-2006,43.908001,44.485001,43.898998,44.290001,44.290001,0
19-01-2006,44.370998,44.380001,43.998001,44.02,44.02,0
26-01-2006,44.015999,44.224998,43.858002,44.080002,44.080002,0
02-02-2006,44.071999,44.314999,44.040001,44.119999,44.119999,0
09-02-2006,44.111,44.279999,44.019001,44.16,44.16,0
16-02-2006,44.073002,44.568001,44.062,44.48,44.48,0
23-02-2006,44.476002,44.599998,44.18,44.279999,44.279999,0
02-03-2006,44.299999,44.415001,44.035,44.380001,44.380001,0
09-03-2006,44.366001,44.555,44.098999,44.099998,44.099998,0
16-03-2006,44.099998,44.435001,44.099998,44.400002,44.400002,0
23-03-2006,44.395,44.634998,44.32,44.580002,44.580002,0
30-03-2006,44.563999,44.645,44.334999,44.560001,44.560001,0
06-04-2006,44.541,45.195,44.395,45.060001,45.060001,0
13-04-2006,45.051998,45.235001,44.945,45.099998,45.099998,0
20-04-2006,45.091,45.106998,44.706001,45.02,45.02,0
27-04-2006,45.015999,45.015999,44.735001,44.799999,44.799999,0
04-05-2006,44.789001,44.919998,44.741001,44.811001,44.811001,0
11-05-2006,44.98,45.555,44.625,44.625,44.625,0
18-05-2006,45.415001,45.685001,45.255001,45.68,45.68,0
25-05-2006,45.671001,46.414001,45.664001,46.16,46.16,0
01-06-2006,46.148998,46.285,45.580002,45.73,45.73,0
08-06-2006,45.972,46.014999,45.737999,45.82,45.82,0
15-06-2006,45.804001,45.893002,45.625,45.84,45.84,0
22-06-2006,45.832001,46.356998,45.824001,46.299999,46.299999,0
29-06-2006,46.289001,46.294998,45.805,45.950001,45.950001,0
06-07-2006,45.942001,46.165001,45.785,46.02,46.02,0
13-07-2006,46.009998,46.924999,46.001999,46.799999,46.799999,0
20-07-2006,46.786999,46.904999,46.562,46.68,46.68,0
27-07-2006,46.668999,46.679001,46.398998,46.5,46.5,0
03-08-2006,46.512001,46.679001,46.334999,46.400002,46.400002,0
10-08-2006,46.393002,46.544998,46.255001,46.467999,46.467999,0
17-08-2006,46.48,46.506001,46.279999,46.391998,46.391998,0
24-08-2006,46.400002,46.529999,46.283001,46.287998,46.287998,0
31-08-2006,46.299999,46.491001,46.005001,46.049,46.049,0
07-09-2006,46.060001,46.278999,45.985001,46.004002,46.004002,0
14-09-2006,46.014999,46.095001,45.884998,46.030998,46.030998,0
21-09-2006,46.040001,46.040001,45.705002,45.831001,45.831001,0
28-09-2006,45.84,45.900002,45.575001,45.632,45.632,0
05-10-2006,45.639999,45.733002,45.355,45.551998,45.551998,0
12-10-2006,45.560001,45.560001,45.124001,45.210999,45.210999,0
19-10-2006,45.220001,45.355,45.125,45.290001,45.290001,0
26-10-2006,45.299999,45.301998,44.701,44.712002,44.712002,0
02-11-2006,44.720001,44.880001,44.544998,44.613998,44.613998,0
09-11-2006,44.619999,45.279999,44.395,45.193001,45.193001,0
16-11-2006,45.200001,45.200001,44.555,44.574001,44.574001,0
23-11-2006,44.900002,44.900002,44.474998,44.613998,44.613998,0
30-11-2006,44.474998,44.759998,44.355,44.615002,44.615002,0
07-12-2006,44.619999,44.919998,44.455002,44.734001,44.734001,0
14-12-2006,44.740002,44.869999,44.466999,44.673,44.673,0
21-12-2006,44.68,44.740002,44.134998,44.259998,44.259998,0
28-12-2006,44.25,44.41,44.040001,44.111,44.111,0
04-01-2007,44.119999,44.549999,44.095001,44.375,44.375,0
11-01-2007,44.419998,44.619999,44.025002,44.025002,44.025002,0
18-01-2007,44.200001,44.3475,44.044998,44.084999,44.084999,0
25-01-2007,44.084999,44.327499,43.965,44.005001,44.005001,0
01-02-2007,44,44.145,43.919998,44.014,44.014,0
08-02-2007,43.950001,44.205002,43.117001,43.874001,43.874001,0
15-02-2007,43.876999,44.2075,43.805,44.077999,44.077999,0
22-02-2007,43.935001,44.345001,43.935001,44.015999,44.015999,0
01-03-2007,44.02,44.650002,44.007,44.435001,44.435001,0
08-03-2007,44.439999,44.547501,43.855,44.231998,44.231998,0
15-03-2007,44.240002,44.240002,43.215,43.442001,43.442001,0
22-03-2007,43.450001,43.705002,42.75,43.09,43.09,0
29-03-2007,43.089001,43.735001,42.709999,42.807999,42.807999,0
05-04-2007,42.82,43.18,42.585999,42.612999,42.612999,0
12-04-2007,42.619999,42.907501,41.587002,41.834999,41.834999,0
19-04-2007,41.84,42.185001,40.599998,40.854,40.854,0
26-04-2007,40.514999,41.43,40.485001,40.976002,40.976002,0
03-05-2007,40.98,41.240002,40.5,40.613998,40.613998,0
10-05-2007,40.619999,41.415001,40.525002,40.757999,40.757999,0
17-05-2007,40.759998,40.91,40.075001,40.490002,40.490002,0
24-05-2007,40.5,40.810001,40.125,40.528999,40.528999,0
31-05-2007,40.540001,40.775002,40.124001,40.493,40.493,0
07-06-2007,40.5,41.130001,40.349998,40.551998,40.551998,0
14-06-2007,40.560001,40.987499,40.425999,40.48,40.48,0
21-06-2007,40.473,41.047501,40.467999,40.818001,40.818001,0
28-06-2007,40.82,40.924999,40.345001,40.412998,40.412998,0
05-07-2007,40.419998,40.48,40.127998,40.310001,40.310001,0
12-07-2007,40.32,40.632,40.167999,40.333,40.333,0
19-07-2007,40.34,40.435001,40.046001,40.231998,40.231998,0
26-07-2007,40.240002,40.575001,40.115002,40.373001,40.373001,0
02-08-2007,40.380001,40.695,40.146999,40.231998,40.231998,0
09-08-2007,40.240002,40.903999,40.23,40.876999,40.876999,0
16-08-2007,40.889999,41.615002,40.715,40.959999,40.959999,0
23-08-2007,40.956001,41.302502,40.715,40.896,40.896,0
30-08-2007,40.900002,41.130001,40.575001,40.834,40.834,0
06-09-2007,40.84,40.947498,40.27,40.271999,40.271999,0
13-09-2007,40.279999,40.599998,39.945,40.033001,40.033001,0
20-09-2007,40.040001,40.042,39.425999,39.632999,39.632999,0
27-09-2007,39.639999,39.855,39.306999,39.32,39.32,0
04-10-2007,39.319,39.572498,39.028999,39.174999,39.174999,0
11-10-2007,39.18,39.825001,39.064999,39.471001,39.471001,0
18-10-2007,39.48,39.900002,39.308998,39.375,39.375,0
25-10-2007,39.380001,39.57,39.146,39.174,39.174,0
01-11-2007,39.18,39.384998,39.113998,39.129002,39.129002,0
08-11-2007,39.095001,39.384998,38.979,39.259998,39.259998,0
15-11-2007,39.257,39.395,39.115002,39.255001,39.255001,0
22-11-2007,39.259998,39.884998,39.248001,39.631001,39.631001,0
29-11-2007,39.494999,39.772499,39.244999,39.397999,39.397999,0
06-12-2007,39.244999,39.494999,39.169998,39.293999,39.293999,0
13-12-2007,39.25,39.6325,39.224998,39.490002,39.490002,0
20-12-2007,39.485001,39.59,39.223,39.389999,39.389999,0
27-12-2007,39.424999,39.459999,39.186001,39.375,39.375,0
03-01-2008,39.325001,39.465,39.064999,39.213001,39.213001,0
10-01-2008,39.064999,39.294998,39.064999,39.171001,39.171001,0
17-01-2008,39.134998,39.759998,39.084,39.473,39.473,0
24-01-2008,39.5,39.505001,39.174999,39.347,39.347,0
31-01-2008,39.285,39.674999,39.055,39.535999,39.535999,0
07-02-2008,39.424999,39.880001,39.365002,39.633999,39.633999,0
14-02-2008,39.685001,40.209999,39.509998,40.133999,40.133999,0
21-02-2008,40.044998,40.115002,39.615002,39.689999,39.689999,0
28-02-2008,39.615002,40.360001,39.615002,40.174,40.174,0
06-03-2008,40.134998,40.700001,39.955002,39.979,39.979,0
13-03-2008,39.955002,40.810001,39.869999,40.132999,40.132999,0
20-03-2008,40.154999,40.455002,39.865002,40.056999,40.056999,0
27-03-2008,40.055,40.169998,39.615002,39.919998,39.919998,0
03-04-2008,39.814999,40.037498,39.761002,39.817001,39.817001,0
10-04-2008,39.849998,39.98,39.764999,39.828999,39.828999,0
17-04-2008,39.825001,40.014999,39.646999,39.860001,39.860001,0
24-04-2008,39.884998,40.564999,39.884998,40.386002,40.386002,0
01-05-2008,40.509998,41.360001,40.435001,41.316002,41.316002,0
08-05-2008,41.240002,42.59,41.240002,42.365002,42.365002,0
15-05-2008,42.275002,42.860001,42.164001,42.619999,42.619999,0
22-05-2008,42.720001,43.169998,42.459999,42.771999,42.771999,0
29-05-2008,42.700001,42.865002,42.084999,42.512001,42.512001,0
05-06-2008,42.535,42.950001,42.535,42.592999,42.592999,0
12-06-2008,42.59,42.945,42.59,42.841999,42.841999,0
19-06-2008,42.740002,42.970001,42.560001,42.688999,42.688999,0
26-06-2008,42.560001,43.362499,42.525002,43.113998,43.113998,0
03-07-2008,42.994999,43.389999,42.955002,43.073002,43.073002,0
10-07-2008,42.955002,43.205002,42.646999,43.091999,43.091999,0
17-07-2008,43,43,41.924999,41.997002,41.997002,0
24-07-2008,41.990002,42.735001,41.794998,42.410999,42.410999,0
31-07-2008,42.215,42.560001,42.215,42.433998,42.433998,0
21-08-2008,43.955002,44.0625,43.43,43.653999,43.653999,0
28-08-2008,43.560001,44.490002,43.560001,43.893002,43.893002,0
04-09-2008,43.895,45.134998,43.895,45.058998,45.058998,0
11-09-2008,44.990002,46.948002,44.990002,46.087002,46.087002,0
18-09-2008,46.162998,46.75,45.222,45.895,45.895,0
25-09-2008,45.924999,47.165001,45.924999,46.567001,46.567001,0
02-10-2008,46.473,48.787998,46.147999,47.950001,47.950001,0
09-10-2008,47.845001,49.119999,47.457001,48.404999,48.404999,0
16-10-2008,48.373001,49.490002,48.373001,49.208,49.208,0
23-10-2008,49.244999,50.255001,49.127998,49.480999,49.480999,0
30-10-2008,49.365002,49.491001,46.849998,47.229,47.229,0
06-11-2008,47.275002,49.382999,47.215,49.285,49.285,0
13-11-2008,49.217999,50.007999,48.562,49.652,49.652,0
20-11-2008,49.853001,50.613998,49.112999,49.289001,49.289001,0
27-11-2008,49.198002,50.557999,48.798,49.848,49.848,0
04-12-2008,49.938,49.938,48.588001,48.973,48.973,0
11-12-2008,48.717999,48.939999,47.176998,47.570999,47.570999,0
18-12-2008,47.542999,49.099998,46.587002,48.071999,48.071999,0
25-12-2008,48.682999,48.810001,47.720001,48.064999,48.064999,0
01-01-2009,48.064999,49.075001,48.064999,48.550999,48.550999,0
08-01-2009,48.563,49.127998,48.022999,48.650002,48.650002,0
15-01-2009,48.792999,49.27,48.498001,49.132999,49.132999,0
22-01-2009,49.042999,49.283001,48.43,48.792,48.792,0
29-01-2009,48.823002,49.099998,48.373001,48.550999,48.550999,0
05-02-2009,48.708,48.877998,48.462002,48.608002,48.608002,0
12-02-2009,48.803001,50.037998,48.522999,49.895,49.895,0
19-02-2009,49.873001,50.022999,49.257,49.751999,49.751999,0
26-02-2009,49.963001,52.16,49.963001,51.431999,51.431999,0
05-03-2009,51.533001,52,50.983002,51.085999,51.085999,0
12-03-2009,51.085999,51.903,51.085999,51.23,51.23,0
19-03-2009,51.283001,51.283001,50.07,50.396999,50.396999,0
26-03-2009,50.518002,51.252998,50.098999,50.542999,50.542999,0
02-04-2009,50.483002,50.605,49.728001,50.09,50.09,0
09-04-2009,50.292999,50.292999,49.568001,49.597,49.597,0
16-04-2009,49.568001,50.525002,49.369999,50.290001,50.290001,0
23-04-2009,50.217999,50.542999,49.598,49.870998,49.870998,0
30-04-2009,50.080002,50.080002,49.060001,49.307999,49.307999,0
07-05-2009,49.417999,49.702999,49.049999,49.530998,49.530998,0
14-05-2009,49.530998,50.02,47.212002,47.228001,47.228001,0
21-05-2009,47.455002,47.928001,46.93,47.508999,47.508999,0
28-05-2009,47.740002,48.080002,46.714001,46.890999,46.890999,0
04-06-2009,46.897999,47.759998,46.897999,47.150002,47.150002,0
11-06-2009,47.23,48.143002,47.23,47.994999,47.994999,0
18-06-2009,47.963001,48.928001,47.93,48.351002,48.351002,0
25-06-2009,48.417999,48.702999,47.743,47.852001,47.852001,0
02-07-2009,47.768002,48.938,47.702,48.837002,48.837002,0
09-07-2009,48.803001,49.428001,48.279999,48.289001,48.289001,0
16-07-2009,48.568001,48.842999,48.099998,48.445,48.445,0
23-07-2009,48.451,48.507999,48.068001,48.391998,48.391998,0
30-07-2009,48.400002,48.57,47.272999,47.57,47.57,0
06-08-2009,47.549999,48.483002,47.495998,48.286999,48.286999,0
13-08-2009,48.360001,48.983002,48.039001,48.671001,48.671001,0
20-08-2009,48.606998,48.865002,48.389999,48.773998,48.773998,0
27-08-2009,48.900002,48.924999,48.509998,48.891998,48.891998,0
03-09-2009,48.84,48.919998,48.428001,48.439999,48.439999,0
10-09-2009,48.569,48.639999,48.144001,48.146,48.146,0
17-09-2009,48.02,48.268002,47.943001,47.951,47.951,0
24-09-2009,47.959999,48.279999,47.717999,47.810001,47.810001,0
01-10-2009,47.810001,47.91,46.52,46.598,46.598,0
08-10-2009,46.598,46.678001,45.990002,46.018002,46.018002,0
15-10-2009,46.018002,46.592999,45.799999,46.400002,46.400002,0
22-10-2009,46.400002,47.362999,46.400002,47.178001,47.178001,0
29-10-2009,47.178001,47.619999,46.799999,46.799999,46.799999,0
05-11-2009,47.049999,47.240002,46.278,46.408001,46.408001,0
12-11-2009,46.299999,46.702999,45.990002,46.099998,46.099998,0
19-11-2009,46.099998,46.757999,45.990002,46.009998,46.009998,0
26-11-2009,45.84,47.064999,45.84,46.200001,46.200001,0
03-12-2009,46.200001,46.849998,46,46.528,46.528,0
10-12-2009,46.528,46.75,46.473,46.588001,46.588001,0
17-12-2009,46.66,46.958,46.66,46.75,46.75,0
24-12-2009,46.75,46.77,46.450001,46.5,46.5,0
31-12-2009,46.5,46.689999,45.700001,45.720001,45.720001,0
07-01-2010,45.737999,45.877998,45.223,45.487999,45.487999,0
14-01-2010,45.487999,46.118,45.424999,46.118,46.118,0
21-01-2010,46.118,46.548,45.848,46.318001,46.318001,0
28-01-2010,46.318001,46.424999,45.900002,45.900002,45.900002,0
04-02-2010,45.970001,46.868,45.970001,46.377998,46.377998,0
11-02-2010,46.485001,46.507999,45.950001,46.007999,46.007999,0
18-02-2010,46.007999,46.4725,46.007999,46.287998,46.287998,0
25-02-2010,46.287998,46.487999,45.540001,45.549999,45.549999,0
04-03-2010,45.549999,45.888,45.25,45.310001,45.310001,0
11-03-2010,45.310001,45.669998,45.27,45.279999,45.279999,0
18-03-2010,45.292999,45.627998,45.25,45.400002,45.400002,0
25-03-2010,45.423,45.700001,44.790001,44.799999,44.799999,0
01-04-2010,44.733002,44.889999,44.325001,44.400002,44.400002,0
08-04-2010,44.458,44.689999,44.119999,44.209999,44.209999,0
15-04-2010,44.209999,44.737999,44.209999,44.400002,44.400002,0
22-04-2010,44.400002,44.757999,44.25,44.5,44.5,0
29-04-2010,44.639999,44.974998,44.217999,44.849998,44.849998,0
06-05-2010,44.939999,45.717999,44.75,44.950001,44.950001,0
13-05-2010,45.110001,46.397999,44.935001,46.272999,46.272999,0
20-05-2010,46.272999,47.73,46.200001,47.099998,47.099998,0
27-05-2010,47.118,47.27,46.299999,46.799999,46.799999,0
03-06-2010,46.98,47.400002,46.450001,46.810001,46.810001,0
10-06-2010,46.810001,47.07,46.278,46.41,46.41,0
17-06-2010,46.41,46.630001,45.540001,46.150002,46.150002,0
24-06-2010,46.18,46.654999,46.07,46.400002,46.400002,0
01-07-2010,46.678001,47.145,46.349998,46.950001,46.950001,0
08-07-2010,46.950001,46.950001,46.400002,46.599998,46.599998,0
15-07-2010,46.599998,47.428001,46.080002,47.07,47.07,0
22-07-2010,47.09,47.349998,46.549999,46.689999,46.689999,0
29-07-2010,46.689999,46.724998,46.028,46.127998,46.127998,0
05-08-2010,46,46.702999,45.939999,46.310001,46.310001,0
12-08-2010,46.59,47.029999,46.423,46.608002,46.608002,0
19-08-2010,46.257999,47.018002,46.257999,46.858002,46.858002,0
26-08-2010,46.873001,47.103001,46.728001,47.028,47.028,0
02-09-2010,46.650002,46.868,46.448002,46.66,46.66,0
09-09-2010,46.518002,46.612999,46.139999,46.139999,46.139999,0
16-09-2010,46.200001,46.41,45.428001,45.580002,45.580002,0
23-09-2010,45.557999,45.705002,44.799999,45.049999,45.049999,0
30-09-2010,44.563,44.939999,44.198002,44.400002,44.400002,0
07-10-2010,44.200001,44.757999,42.209999,44.5,44.5,0
14-10-2010,44.509998,44.509998,43.987999,44.330002,44.330002,0
21-10-2010,44.200001,44.610001,44.200001,44.400002,44.400002,0
28-10-2010,44.419998,44.568001,44.200001,44.200001,44.200001,0
04-11-2010,44.393002,44.463001,43.84,44.189999,44.189999,0
11-11-2010,44.310001,45.432999,44.233002,45.189999,45.189999,0
18-11-2010,45.108002,45.873001,45.108002,45.540001,45.540001,0
25-11-2010,45.700001,46.110001,45.299999,45.77,45.77,0
02-12-2010,45.23,45.369999,44.5,44.5,44.5,0
09-12-2010,45,45.5,44.849998,44.91,44.91,0
16-12-2010,45.25,45.654999,44.950001,45.18,45.18,0
23-12-2010,44.950001,45.278,44.950001,44.950001,44.950001,0
30-12-2010,44.919998,45.438,44.599998,44.900002,44.900002,0
06-01-2011,45.209999,45.548,45.013,45.098,45.098,0
13-01-2011,44.91,45.647999,44.91,45.32,45.32,0
20-01-2011,45.450001,45.842999,45.450001,45.610001,45.610001,0
27-01-2011,45.450001,46.009998,45.41,45.41,45.41,0
03-02-2011,45.450001,45.682999,45.150002,45.150002,45.150002,0
10-02-2011,45.349998,45.775002,45.333,45.41,45.41,0
17-02-2011,45.310001,45.450001,44.917999,45.150002,45.150002,0
24-02-2011,45.049999,45.490002,44.75,44.830002,44.830002,0
03-03-2011,44.945,45.182999,44.849998,44.900002,44.900002,0
10-03-2011,44.869999,45.360001,44.869999,45.16,45.16,0
17-03-2011,45.02,45.262501,44.75,44.849998,44.849998,0
24-03-2011,44.75,44.893002,44.549999,44.66,44.66,0
31-03-2011,44.744999,44.744999,44.049999,44.299999,44.299999,0
07-04-2011,44.049999,44.592999,43.93,44.188,44.188,0
14-04-2011,44.467999,44.689999,44.252998,44.41,44.41,0
21-04-2011,44.259998,44.615002,44.25,44.41,44.41,0
28-04-2011,44.330002,44.610001,44.208,44.41,44.41,0
05-05-2011,44.32,44.889999,44.32,44.610001,44.610001,0
12-05-2011,44.689999,45.169998,44.689999,45.009998,45.009998,0
19-05-2011,44.959999,45.419998,44.8825,45.16,45.16,0
26-05-2011,45.330002,45.333,44.75,44.959999,44.959999,0
02-06-2011,44.84,44.9725,44.573002,44.610001,44.610001,0
09-06-2011,44.700001,44.904999,44.549999,44.738998,44.738998,0
16-06-2011,44.759998,45.053001,44.689999,44.759998,44.759998,0
23-06-2011,44.75,45.130001,44.75,44.939999,44.939999,0
30-06-2011,44.865002,44.865002,44.327999,44.34,44.34,0
07-07-2011,44.330002,44.75,44.292999,44.560001,44.560001,0
14-07-2011,44.52,44.662998,44.310001,44.369999,44.369999,0
21-07-2011,44.439999,44.525002,43.852501,44.049999,44.049999,0
28-07-2011,44.080002,44.397999,44,44.263,44.263,0
04-08-2011,44.313,45.380001,44.313,45.202999,45.202999,0
11-08-2011,45.240002,45.450001,45.169998,45.252998,45.252998,0
18-08-2011,45.41,46.080002,45.41,45.540001,45.540001,0
25-08-2011,45.985001,46.200001,45.779999,45.939999,45.939999,0
01-09-2011,45.662998,46.174999,40.700001,46.040001,46.040001,0
08-09-2011,46.162498,48,46.132999,47.459999,47.459999,0
15-09-2011,47.560001,48.393002,47.150002,47.91,47.91,0
22-09-2011,48.330002,49.889999,48.330002,48.810001,48.810001,0
29-09-2011,48.740002,49.529999,48.740002,49.303001,49.303001,0
06-10-2011,49.237999,49.459999,48.813,49.237999,49.237999,0
13-10-2011,48.91,49.388,48.689999,49.240002,49.240002,0
20-10-2011,49.139999,50.313,49.139999,49.41,49.41,0
27-10-2011,49.318001,49.498001,48.603001,49.257999,49.257999,0
03-11-2011,49.103001,50.178001,48.900002,49.310001,49.310001,0
10-11-2011,49.978001,50.950001,49.919998,50.623001,50.623001,0
17-11-2011,50.740002,52.720001,50.634998,52.483002,52.483002,0
24-11-2011,52.257999,52.450001,51.860001,51.903,51.903,0
01-12-2011,51.73,51.849998,51.049999,51.200001,51.200001,0
08-12-2011,51.720001,53.877998,51.667999,53.099998,53.099998,0
15-12-2011,53.709999,54.303001,52.209999,52.709999,52.709999,0
22-12-2011,52.490002,53.43,52.490002,52.849998,52.849998,0
29-12-2011,52.98,53.487999,52.849998,53.049999,53.049999,0
05-01-2012,53.040001,53.040001,51.560001,51.599998,51.599998,0
12-01-2012,51.75,51.880001,50.349998,50.650002,50.650002,0
19-01-2012,50.09,50.473,49.900002,50,50,0
26-01-2012,49.959999,49.959999,49.294998,49.5,49.5,0
02-02-2012,49.264999,49.264999,48.549999,49.042999,49.042999,0
09-02-2012,49.053001,49.75,49.049999,49.358002,49.358002,0
16-02-2012,49.368,49.408001,49.049999,49.303001,49.303001,0
23-02-2012,49.237999,49.298,48.845001,49.068001,49.068001,0
01-03-2012,49.075001,50.75,48.900002,50.358002,50.358002,0
08-03-2012,50.272999,50.292999,49.650002,49.830002,49.830002,0
15-03-2012,49.917999,50.678001,49.917999,50.388,50.388,0
22-03-2012,50.673,51.48,50.400002,50.678001,50.678001,0
29-03-2012,50.75,51.412998,50.509998,50.25,50.25,0
05-04-2012,51.048,51.632999,50.950001,51.473,51.473,0
12-04-2012,51.515999,51.798,51.162998,51.467999,51.467999,0
19-04-2012,51.723,52.860001,51.618,52.673,52.673,0
26-04-2012,52.443001,53.009998,52.263,52.529999,52.529999,0
03-05-2012,52.935001,53.904999,52.669998,53.118,53.118,0
10-05-2012,53.912998,54.507999,52.928001,53.787998,53.787998,0
17-05-2012,54.395,56.299999,54.202999,55.388,55.388,0
24-05-2012,55.917999,56.377998,55.029999,55.667999,55.667999,0
31-05-2012,56.153,56.487999,54.349998,55.638,55.638,0
07-06-2012,55.209999,56.07,54.75,55.798,55.798,0
14-06-2012,55.698002,56.248001,55.325001,55.948002,55.948002,0
21-06-2012,56.103001,57.330002,56.099998,57.007999,57.007999,0
28-06-2012,56.882999,57.150002,54.169998,54.358002,54.358002,0
05-07-2012,54.563,56.063,54.423,55.388,55.388,0
12-07-2012,55.618,55.948002,54.775002,55.098,55.098,0
19-07-2012,55.252998,56.428001,55,56.108002,56.108002,0
26-07-2012,56.002998,56.099998,55.200001,55.647999,55.647999,0
02-08-2012,55.467999,56.193001,54.900002,55.063,55.063,0
09-08-2012,55.188,55.77,55.040001,55.647999,55.647999,0
16-08-2012,55.647999,56.018002,55.318001,55.362999,55.362999,0
23-08-2012,55.493,55.880001,55.119999,55.662998,55.662998,0
30-08-2012,55.623001,55.998001,55.388,55.647999,55.647999,0
06-09-2012,55.853001,56.02,55.092999,55.338001,55.338001,0
13-09-2012,55.174,55.478001,53.685001,54.018002,54.018002,0
20-09-2012,54.018002,54.403,53.080002,53.358002,53.358002,0
27-09-2012,53.537998,53.542999,52.127998,52.397999,52.397999,0
04-10-2012,52.153,53.173,51.403,52.717999,52.717999,0
11-10-2012,53.002998,53.150002,52.502998,52.868,52.868,0
18-10-2012,52.868,53.990002,52.737999,53.717999,53.717999,0
25-10-2012,53.733002,54.200001,53.452999,53.958,53.958,0
01-11-2012,53.823002,54.791,53.599998,54.417999,54.417999,0
08-11-2012,54.198002,55.103001,54.108002,54.877998,54.877998,0
15-11-2012,54.803001,55.358002,54.618,55.098,55.098,0
22-11-2012,54.950001,55.869999,54.950001,55.448002,55.448002,0
29-11-2012,55.638,55.638,54.222,54.673,54.673,0
06-12-2012,54.537998,54.57,54.022999,54.257999,54.257999,0
13-12-2012,54.318001,55.040001,54.099998,54.848,54.848,0
20-12-2012,54.548,55.268002,54.473,55.007999,55.007999,0
27-12-2012,54.792999,55.007999,54.099998,54.678001,54.678001,0
03-01-2013,54.348,55.368,54.150002,54.987999,54.987999,0
10-01-2013,54.838001,54.882999,54.338001,54.612999,54.612999,0
17-01-2013,54.688,54.772999,53.377998,53.807999,53.807999,0
24-01-2013,53.737999,54.042999,53.202999,53.757999,53.757999,0
31-01-2013,53.303001,53.388,52.882999,53.132999,53.132999,0
07-02-2013,53.153,54.077999,53.042999,53.848,53.848,0
14-02-2013,53.835999,54.4175,53.653,54.162998,54.162998,0
21-02-2013,54.068001,54.612999,53.627998,54.088001,54.088001,0
28-02-2013,53.858002,55.130001,53.605999,54.917999,54.917999,0
07-03-2013,54.713001,54.900002,54.028,54.141998,54.141998,0
14-03-2013,54.352001,54.537998,53.897999,54.368,54.368,0
21-03-2013,54.323002,54.463001,54.07,54.362999,54.362999,0
28-03-2013,54.388,54.502998,54.200001,54.423,54.423,0
04-04-2013,54.443001,54.923,54.342999,54.577999,54.577999,0
11-04-2013,54.391998,54.790001,53.783001,54.147999,54.147999,0
18-04-2013,54.208,54.41,53.842999,54.377998,54.377998,0
25-04-2013,54.272999,54.438,53.599998,53.798,53.798,0
02-05-2013,53.658001,54.355,53.630001,54.127998,54.127998,0
09-05-2013,54.077,55.014999,54.021999,54.798,54.798,0
16-05-2013,54.778,55.632999,54.650002,55.408001,55.408001,0
23-05-2013,55.653,56.342999,55.443001,56.108002,56.108002,0
30-05-2013,56.202999,56.848,56.042999,56.438,56.438,0
06-06-2013,56.723,58.978001,56.682999,56.838001,56.838001,0
13-06-2013,57.827999,58.889999,57.400002,58.838001,58.838001,0
20-06-2013,58.713001,60.748001,58.713001,59.658001,59.658001,0
27-06-2013,60.713001,60.713001,58.959,59.548,59.548,0
04-07-2013,60.219002,61.384998,59.66,60.095001,60.095001,0
11-07-2013,59.888,60.280499,58.560001,59.292999,59.292999,0
18-07-2013,59.290001,59.91,58.91,59.757999,59.757999,0
25-07-2013,59.126999,61.220001,58.650002,60.807999,60.807999,0
01-08-2013,60.630001,61.808998,60.200001,60.783001,60.783001,0
08-08-2013,61.202999,61.645,60.299999,61.450001,61.450001,0
15-08-2013,61.290001,64.900002,61.200001,63.360001,63.360001,0
22-08-2013,64.690002,69.209999,63.198002,66.860001,66.860001,0
29-08-2013,67.349998,68.610001,65.682999,68.610001,68.610001,0
05-09-2013,66.269997,66.510002,63.040001,63.619999,63.619999,0
12-09-2013,63.16,64.157997,62.349998,63.18,63.18,0
19-09-2013,63.580002,63.580002,61.599998,62.720001,62.720001,0
26-09-2013,62.43,63.450001,61.639999,62.610001,62.610001,0
03-10-2013,62.07,62.417999,59.889999,62.029999,62.029999,0
10-10-2013,61.810001,62.299999,60,61.830002,61.830002,0
17-10-2013,61.450001,61.810001,60,61.189999,61.189999,0
24-10-2013,61.52,61.77,61.07,61.450001,61.450001,0
31-10-2013,61.32,62.537998,61.029999,62.16,62.16,0
07-11-2013,62.470001,63.959999,62.382999,63.959999,63.959999,0
14-11-2013,63.369999,63.369999,61.470001,62.110001,62.110001,0
21-11-2013,62.759998,63.119999,61.93,62.459999,62.459999,0
28-11-2013,62.143002,62.622501,61.740002,62.362999,62.362999,0
05-12-2013,61.700001,62.053001,60.73,60.98,60.98,0
12-12-2013,61.59,62.310001,61.248001,61.709999,61.709999,0
19-12-2013,62.029999,62.650002,61.712002,61.748001,61.748001,0
26-12-2013,61.790001,62.153999,61.57,61.803001,61.803001,0
02-01-2014,61.84,62.57,61.740002,62.080002,62.080002,0
09-01-2014,62.119999,62.233002,61.150002,61.470001,61.470001,0
16-01-2014,61.540001,62.080002,61.139999,61.970001,61.970001,0
23-01-2014,61.869999,63.380001,61.77,62.380001,62.380001,0
30-01-2014,62.830002,63.009998,62.130001,62.130001,62.130001,0
06-02-2014,62.23,62.592999,61.650002,62.029999,62.029999,0
13-02-2014,61.68,62.448002,61.68,62.209999,62.209999,0
20-02-2014,62.259998,62.439999,61.68,61.978001,61.978001,0
27-02-2014,62.150002,62.209999,61.290001,61.599998,61.599998,0
06-03-2014,61.700001,61.748001,60.529999,61.040001,61.040001,0
13-03-2014,60.77,61.580002,60.740002,61.108002,61.108002,0
20-03-2014,61.150002,61.360001,59.869999,60.220001,60.220001,0
27-03-2014,60.16,60.360001,59.592999,59.779999,59.779999,0
03-04-2014,59.897999,60.419998,59.66,60.09,60.09,0
10-04-2014,60.138,60.580002,59.959999,60.299999,60.299999,0
17-04-2014,60.368,61.18,60.150002,60.757999,60.757999,0
24-04-2014,61.088001,61.200001,60.150002,60.417999,60.417999,0
01-05-2014,60.119999,60.338001,59.790001,59.978001,59.978001,0
08-05-2014,60.018002,60.103001,59.080002,59.310001,59.310001,0
15-05-2014,59.478001,59.59,58.330002,58.583,58.583,0
22-05-2014,58.688,59.203999,58.169998,59.037998,59.037998,0
29-05-2014,58.938,59.442501,58.639999,59.299999,59.299999,0
05-06-2014,59.272999,59.349998,58.77,59.119999,59.119999,0
12-06-2014,59.333,60.529999,59.09,60.323002,60.323002,0
19-06-2014,60.292999,60.41,59.439999,60.189999,60.189999,0
26-06-2014,60.077999,60.290001,59.419998,60.028,60.028,0
03-07-2014,59.685001,60.037998,59.240002,59.748001,59.748001,0
10-07-2014,59.682999,60.298,59.577999,60.169998,60.169998,0
17-07-2014,60.118,60.619999,59.869999,60.098,60.098,0
24-07-2014,60.013,60.380001,59.740002,60.040001,60.040001,0
31-07-2014,60.057999,61.57,60.057999,60.842999,60.842999,0
07-08-2014,61.493,61.720001,60.970001,61.220001,61.220001,0
14-08-2014,61.02,61.112999,60.41,60.740002,60.740002,0
21-08-2014,60.608002,60.810001,60.27,60.428001,60.428001,0
28-08-2014,60.448002,60.700001,60.279999,60.678001,60.678001,0
04-09-2014,60.389999,61.049999,60.07,60.790001,60.790001,0
11-09-2014,60.923,61.16,60.647999,61.053001,61.053001,0
18-09-2014,60.908001,61.200001,60.59,60.98,60.98,0
25-09-2014,60.810001,62.009998,60.810001,61.82,61.82,0
02-10-2014,61.713001,61.799999,61.18,61.27,61.27,0
09-10-2014,60.880001,61.470001,60.740002,61.393002,61.393002,0
16-10-2014,61.373001,61.950001,61,61.143002,61.143002,0
23-10-2014,61.193001,61.404999,61.049999,61.181,61.181,0
30-10-2014,61.283001,61.608002,61.259998,61.287998,61.287998,0
06-11-2014,61.428001,61.740002,61.169998,61.490002,61.490002,0
13-11-2014,61.389999,62.049999,61.310001,61.717999,61.717999,0
20-11-2014,61.938,62.240002,61.450001,61.84,61.84,0
27-11-2014,61.728001,62.23,54.700001,61.787998,61.787998,0
04-12-2014,61.855999,62.119999,61.369999,61.873001,61.873001,0
11-12-2014,62.002998,63.950001,62.002998,63.653,63.653,0
18-12-2014,63.23,63.557999,62.799999,63.432999,63.432999,0
25-12-2014,63.400002,63.778,62.880001,63.377998,63.377998,0
01-01-2015,63.028,63.618,62.900002,63.568001,63.568001,0
08-01-2015,63.272999,63.272999,61.599998,61.973,61.973,0
15-01-2015,62.16,62.18,61.41,61.647999,61.647999,0
22-01-2015,61.52,61.77,61.18,61.403,61.403,0
29-01-2015,61.07,62.080002,61.07,61.613998,61.613998,0
05-02-2015,61.874001,62.509998,61.580002,62.341999,62.341999,0
12-02-2015,62.362999,62.529999,61.939999,62.112,62.112,0
19-02-2015,62.076,62.353001,61.860001,62.233002,62.233002,0
26-02-2015,61.939999,62.41,61.27,61.813,61.813,0
05-03-2015,62.304001,62.939999,62.147999,62.713001,62.713001,0
12-03-2015,62.709999,63.080002,61.860001,62.616001,62.616001,0
19-03-2015,62.150002,62.693001,61.869999,62.278,62.278,0
26-03-2015,62.432999,62.860001,61.950001,62.306,62.306,0
02-04-2015,62.168999,62.417999,61.560001,62.308998,62.308998,0
09-04-2015,62.189999,62.563,61.509998,62.313999,62.313999,0
16-04-2015,62.354,63.150002,62.209999,62.877998,62.877998,0
23-04-2015,62.943001,63.779999,62.560001,63.033001,63.033001,0
30-04-2015,63.435001,63.740002,62.830002,63.344002,63.344002,0
07-05-2015,63.659,64.419998,63.27,64.210999,64.210999,0
14-05-2015,64.044998,64.044998,63.32,63.785,63.785,0
21-05-2015,63.624001,64.153,63.389999,63.976002,63.976002,0
28-05-2015,63.875,64.063004,63.5,63.661999,63.661999,0
04-06-2015,64.063004,64.239998,63.740002,64.038002,64.038002,0
11-06-2015,63.799999,64.315002,63.743,64.181999,64.181999,0
18-06-2015,64.002998,64.002998,63.360001,63.599998,63.599998,0
25-06-2015,63.522999,63.950001,63.279999,63.59,63.59,0
02-07-2015,63.578999,63.653,63.209999,63.518002,63.518002,0
09-07-2015,63.561001,63.592999,63.258999,63.324001,63.324001,0
16-07-2015,63.522999,63.759998,63.310001,63.583,63.583,0
23-07-2015,63.623001,64.263,63.615002,63.839001,63.839001,0
30-07-2015,63.880001,64.203003,63.470001,63.819,63.819,0
06-08-2015,63.695999,64.959999,63.610001,64.325996,64.325996,0
13-08-2015,64.799004,65.529999,64.279999,65.445999,65.445999,0
20-08-2015,65.063004,67.059998,65.063004,66.282997,66.282997,0
27-08-2015,66.056,66.492996,65.769997,66.422997,66.422997,0
03-09-2015,66.212997,66.905998,65.949997,66.405998,66.405998,0
10-09-2015,66.597,66.763,66.190002,66.43,66.43,0
17-09-2015,66.195999,66.300003,65.309998,65.875,65.875,0
24-09-2015,66.162003,66.43,65.459999,65.919998,65.919998,0
01-10-2015,65.547997,65.720001,64.769997,65.183998,65.183998,0
08-10-2015,64.939003,65.190002,64.559998,65.084999,65.084999,0
15-10-2015,64.870003,65.239998,64.550003,64.994003,64.994003,0
22-10-2015,65.162003,65.162003,64.599998,65.067001,65.067001,0
29-10-2015,64.945999,65.778,64.945999,65.530998,65.530998,0
05-11-2015,65.583,66.550003,65.517998,66.193001,66.193001,0
12-11-2015,66.063004,66.309998,65.739998,66.037003,66.037003,0
19-11-2015,66.071999,66.510002,65.730003,66.300003,66.300003,0
26-11-2015,66.375,66.910004,66.290001,66.460999,66.460999,0
03-12-2015,66.556999,66.980003,66.440002,66.833,66.833,0
10-12-2015,66.899002,67.172997,65.959999,66.903,66.903,0
17-12-2015,66.489998,66.665001,66.029999,66.242996,66.242996,0
24-12-2015,66.094002,66.464996,65.660004,66.260002,66.260002,0
31-12-2015,66.449997,66.888,66.010002,66.524002,66.524002,0
07-01-2016,66.739998,66.989998,66.43,66.919998,66.919998,0
14-01-2016,66.959,68.142998,66.879997,67.766998,67.766998,0
21-01-2016,67.947998,68.117996,67.360001,67.769997,67.769997,0
28-01-2016,68.191002,68.279999,67.589996,67.986,67.986,0
04-02-2016,67.781998,68.220001,67.309998,67.928001,67.928001,0
11-02-2016,67.896004,68.690002,67.650002,68.505997,68.505997,0
18-02-2016,68.356003,68.830002,68.239998,68.602997,68.602997,0
25-02-2016,68.391998,68.901001,67.421997,67.746002,67.746002,0
03-03-2016,67.388,67.529999,66.900002,67.357002,67.357002,0
10-03-2016,67.144997,67.434998,66.779999,67.359001,67.359001,0
17-03-2016,66.720001,67.165001,66.099998,66.764,66.764,0
24-03-2016,66.889999,66.928001,66.099998,66.367996,66.367996,0
31-03-2016,66.367996,66.730003,65.610001,66.468002,66.468002,0
07-04-2016,66.532997,66.779999,66.260002,66.315002,66.315002,0
14-04-2016,66.528,66.739998,65.910004,66.222,66.222,0
21-04-2016,66.198997,66.849998,65.989998,66.457001,66.457001,0
28-04-2016,66.356003,66.68,65.879997,66.592003,66.592003,0
05-05-2016,66.620003,66.839996,66.260002,66.666,66.666,0
12-05-2016,66.591003,67.038002,66.440002,66.867996,66.867996,0
19-05-2016,67.161003,67.779999,67.07,67.651001,67.651001,0
26-05-2016,67.304001,67.504997,66.830002,67.231003,67.231003,0
02-06-2016,67.426003,67.442001,66.370003,66.763,66.763,0
09-06-2016,66.510002,67.388,66.510002,67.297997,67.297997,0
16-06-2016,67.072998,67.748001,66.889999,67.606003,67.606003,0
23-06-2016,67.407997,68.203003,67.050003,67.705002,67.705002,0
30-06-2016,67.416,67.708,67.059998,67.426003,67.426003,0
07-07-2016,67.401001,67.510002,66.800003,66.870003,66.870003,0
14-07-2016,67.007004,67.25,66.639999,67.206001,67.206001,0
21-07-2016,67.164001,67.470001,67,67.283997,67.283997,0
28-07-2016,67.064003,67.110001,66.529999,66.676003,66.676003,0
04-08-2016,66.760002,66.980003,66.580002,66.782997,66.782997,0
11-08-2016,66.751999,66.989998,66.68,66.857697,66.857697,0
18-08-2016,66.8936,67.239998,66.748001,67.129997,67.129997,0
25-08-2016,67.099998,67.193001,66.800003,67.126602,67.126602,0
01-09-2016,66.963997,67.086998,66.236801,66.255203,66.255203,0
08-09-2016,66.469299,67.121201,66.07,66.995003,66.995003,0
15-09-2016,66.772003,67.150002,66.68,66.974998,66.974998,0
22-09-2016,66.763802,66.891998,66.410004,66.441299,66.441299,0
29-09-2016,66.332497,66.943001,66.332497,66.578003,66.578003,0
06-10-2016,66.57,66.870003,66.469803,66.7985,66.7985,0
13-10-2016,66.819504,66.980003,66.599998,66.737999,66.737999,0
20-10-2016,66.641998,66.9925,66.635002,66.781303,66.781303,0
27-10-2016,66.853996,66.945,66.628304,66.678497,66.678497,0
03-11-2016,66.785004,66.959999,66.205002,66.2295,66.2295,0
10-11-2016,66.544998,68.110001,66.330002,67.748001,67.748001,0
17-11-2016,67.974998,68.894997,67.760002,68.385498,68.385498,0
24-11-2016,68.7985,68.834999,68.065002,68.608002,68.608002,0
01-12-2016,68.584999,68.587997,67.5355,67.722,67.722,0
08-12-2016,67.379997,67.639999,67.307999,67.386497,67.386497,0
15-12-2016,67.769997,68.098701,67.468002,67.897003,67.897003,0
22-12-2016,67.833,68.2491,67.699997,67.968002,67.968002,0
29-12-2016,68.199997,68.43,67.839996,68.269798,68.269798,0
05-01-2017,67.885002,68.492996,67.714996,68.318001,68.318001,0
12-01-2017,68.139999,68.269997,67.879997,67.899498,67.899498,0
19-01-2017,68.225502,68.290001,67.989998,68.164497,68.164497,0
26-01-2017,67.9655,68.224998,67.32,67.501602,67.501602,0
02-02-2017,67.394997,67.498001,66.934998,67.3405,67.3405,0
09-02-2017,66.955002,67.065002,66.650002,66.775902,66.775902,0
16-02-2017,66.875,67.165001,66.849998,66.965103,66.965103,0
23-02-2017,66.894997,66.970001,66.519997,66.705101,66.705101,0
02-03-2017,66.690002,66.885002,66.580002,66.616203,66.616203,0
09-03-2017,66.815002,66.852997,65.400002,65.775101,65.775101,0
16-03-2017,65.620499,65.642998,65.18,65.495003,65.495003,0
23-03-2017,65.370003,65.550003,64.809998,65.110001,65.110001,0
30-03-2017,64.858002,65.192497,64.730003,65.050003,65.050003,0
06-04-2017,65.010002,65.095001,64.150002,64.629997,64.629997,0
13-04-2017,64.5,64.660004,64.239998,64.57,64.57,0
20-04-2017,64.640297,64.720001,63.928001,64.349998,64.349998,0
27-04-2017,64.019997,64.355003,63.967999,64.07,64.07,0
04-05-2017,64.157997,64.690002,64.150002,64.639999,64.639999,0
11-05-2017,64.527496,64.580002,63.880001,63.900002,63.900002,0
18-05-2017,64.230003,65.139999,64.220001,64.885201,64.885201,0
25-05-2017,64.760498,64.760498,64.360001,64.618599,64.618599,0
01-06-2017,64.500504,64.529999,64.220001,64.420502,64.420502,0
08-06-2017,64.425499,64.489998,64.019997,64.357498,64.357498,0
15-06-2017,64.227997,64.760002,64.150002,64.530502,64.530502,0
22-06-2017,64.540298,64.650002,64.389999,64.524803,64.524803,0
29-06-2017,64.515503,64.900002,64.404999,64.768898,64.768898,0
06-07-2017,64.790497,64.800003,64.349998,64.525597,64.525597,0
13-07-2017,64.468002,64.4842,64.227501,64.306297,64.306297,0
20-07-2017,64.260498,64.480003,64.260002,64.446999,64.446999,0
27-07-2017,64.344597,64.344704,63.610001,64.055801,64.055801,0
03-08-2017,63.640301,63.91,63.563,63.7029,63.7029,0
10-08-2017,63.850498,64.349998,63.84,64.263,64.263,0
17-08-2017,64.163002,64.220001,63.990002,64.057503,64.057503,0
24-08-2017,64.0355,64.080002,63.77,63.986801,63.986801,0
31-08-2017,63.980499,64.269997,63.830002,64.099998,64.099998,0
07-09-2017,64.050499,64.144997,63.77,63.987598,63.987598,0
14-09-2017,64.002998,64.440002,64,64.298698,64.298698,0
21-09-2017,64.283501,65.779999,64.283501,65.349998,65.349998,0
28-09-2017,65.525002,65.889999,64.949997,65.4431,65.4431,0
05-10-2017,65.0205,65.579498,64.970001,65.238899,65.238899,0
12-10-2017,65.150497,65.245003,64.650002,64.928703,64.928703,0
19-10-2017,65.045502,65.239998,64.754997,65.079498,65.079498,0
26-10-2017,64.917999,65.165001,64.459999,64.670097,64.670097,0
02-11-2017,64.555,65.18,64.389999,65.164497,65.164497,0
09-11-2017,64.9105,65.580002,64.839996,65.413399,65.413399,0
16-11-2017,65.209999,65.288002,64.68,64.761299,64.761299,0
23-11-2017,64.769997,64.879997,64.269997,64.470001,64.470001,0
30-11-2017,64.414803,64.660004,64.220001,64.356903,64.356903,0
07-12-2017,64.515198,64.589996,64.300003,64.550003,64.550003,0
14-12-2017,64.32,64.690002,63.919998,64.0476,64.0476,0
21-12-2017,63.965,64.163002,63.880001,64.028198,64.028198,0
28-12-2017,64.114601,64.25,63.380001,63.459999,63.459999,0
04-01-2018,63.419102,63.84,63.209999,63.636101,63.636101,0
11-01-2018,63.759998,64.129997,63.330002,63.994301,63.994301,0
18-01-2018,63.825001,63.990002,63.558102,63.7505,63.7505,0
25-01-2018,63.5779,63.82,63.400002,63.769901,63.769901,0
01-02-2018,63.665001,64.464996,63.542999,63.98,63.98,0
08-02-2018,64.199997,64.480003,64.029999,64.250099,64.250099,0
15-02-2018,64.0252,64.949997,63.813,64.864998,64.864998,0
22-02-2018,64.894997,65.599998,64.629997,64.910004,64.910004,0
01-03-2018,65.239998,65.339996,64.794998,64.889999,64.889999,0
08-03-2018,64.891197,65.400002,64.669998,64.828102,64.828102,0
15-03-2018,64.834198,65.294998,64.769997,65.232399,65.232399,0
22-03-2018,65.065598,65.309998,64.68,64.8955,64.8955,0
29-03-2018,65.150497,65.400002,64.900002,64.904999,64.904999,0
05-04-2018,65.0355,65.419998,64.805,64.925301,64.925301,0
12-04-2018,65.252998,65.93,65.178001,65.675003,65.675003,0
19-04-2018,65.710503,67.120003,65.710297,66.414101,66.414101,0
26-04-2018,66.910301,67.040001,66.199997,66.788696,66.788696,0
03-05-2018,66.800003,67.519997,66.330002,67.162498,67.162498,0
10-05-2018,67.3405,68.480003,67.07,68.459999,68.459999,0
17-05-2018,67.767998,68.540001,67.57,68.43,68.43,0
24-05-2018,68.310303,68.404999,67.239998,68.129997,68.129997,0
31-05-2018,67.430298,67.769997,66.790001,67.089996,67.089996,0
07-06-2018,66.830498,67.910004,66.790001,67.910004,67.910004,0
14-06-2018,67.638,68.68,67.449997,68.050003,68.050003,0
21-06-2018,68.053001,68.900002,67.690002,68.364998,68.364998,0
28-06-2018,68.920799,69.209999,68.370003,68.830002,68.830002,0
05-07-2018,68.682999,69.205002,68.480003,68.900002,68.900002,0
12-07-2018,68.723,69.07,68.25,68.356003,68.356003,0
19-07-2018,68.617996,69.239998,68.470001,68.809998,68.809998,0
26-07-2018,68.723,68.940002,68.300003,68.496803,68.496803,0
02-08-2018,68.3405,69.029999,68.209999,68.596001,68.596001,0
09-08-2018,68.653,70.889999,68.455002,69.949997,69.949997,0
16-08-2018,70.660004,70.720001,69.528,69.809998,69.809998,0
23-08-2018,69.860298,70.650002,69.709999,70.540001,70.540001,0
30-08-2018,70.528,71.980003,70.528,71.75,71.75,0
06-09-2018,71.748001,72.989998,71.43,72.989998,72.989998,0
13-09-2018,71.93,72.93,71.5,73.120003,73.120003,0
20-09-2018,72.350502,73.25,71.699997,73.089996,73.089996,0
27-09-2018,72.593002,73.75,72.339996,73.279999,73.279999,0
04-10-2018,73.337997,74.620003,73.337997,74.550003,74.550003,0
11-10-2018,74.699997,74.900002,73.220001,73.455498,73.455498,0
18-10-2018,73.593002,73.919998,73.029999,73.221298,73.221298,0
25-10-2018,73.220497,74.25,72.589996,73.650002,73.650002,0
01-11-2018,74.07,74.075104,72.199997,73.230003,73.230003,0
08-11-2018,72.379997,73.080002,71.970001,72.550003,72.550003,0
15-11-2018,72.300499,72.303001,71.040001,71.415001,71.415001,0
22-11-2018,71.294998,71.295601,70.279999,70.879997,70.879997,0
29-11-2018,70.630501,70.709999,69.580002,70.629997,70.629997,0
06-12-2018,70.870003,72.699997,70.43,72.620003,72.620003,0
13-12-2018,71.830002,72.169998,69.888,70.57,70.57,0
20-12-2018,70.685402,70.693001,69.650002,70.239998,70.239998,0
27-12-2018,70.150002,70.400002,69.43,69.709999,69.709999,0
03-01-2019,69.959999,70.629997,69.080002,70.330002,70.330002,0
10-01-2019,70.550499,71.25,70.269997,71.092499,71.092499,0
17-01-2019,71.364998,71.57,70.970497,71.230202,71.230202,0
24-01-2019,71.157303,71.550003,70.860001,71.620003,71.620003,0
31-01-2019,71.120003,71.900002,70.839996,71.769997,71.769997,0
07-02-2019,71.540497,71.879997,70.389999,70.809998,70.809998,0
14-02-2019,70.865097,71.610001,70.788002,71.599998,71.599998,0
21-02-2019,71.049004,71.480003,70.801498,70.940002,70.940002,0
28-02-2019,71.215302,71.592499,70.020203,70.7425,70.7425,0
07-03-2019,70.070503,70.487503,69.414001,69.845001,69.845001,0
14-03-2019,69.726303,69.726303,68.350502,69.317497,69.317497,0
21-03-2019,68.780502,69.480003,68.43,69.427498,69.427498,0
28-03-2019,69.089996,69.610001,68.377998,68.910202,68.910202,0
04-04-2019,68.443001,69.769997,68.440002,69.261803,69.261803,0
11-04-2019,69.140503,69.661003,68.830002,69.885002,69.885002,0
18-04-2019,69.401001,69.988998,69.264999,69.758003,69.758003,0
25-04-2019,69.953003,70.540001,69.438004,69.556,69.556,0
02-05-2019,69.637497,69.910004,69.0625,69.910004,69.910004,0
09-05-2019,69.726997,70.959999,69.683998,70.306999,70.306999,0
16-05-2019,70.2136,70.3405,69.260002,70.127502,70.127502,0
23-05-2019,69.642998,70.190002,69.309998,69.875,69.875,0
30-05-2019,69.815201,70.059998,69.014,69.559998,69.559998,0
06-06-2019,69.390198,69.739998,68.905998,69.386497,69.386497,0
13-06-2019,69.699997,70.112503,69.306999,69.764999,69.764999,0
20-06-2019,69.640503,69.870003,69.098999,69.637497,69.637497,0
27-06-2019,69.602501,69.615501,68.779503,69.082497,69.082497,0
04-07-2019,68.786003,69.0075,68.292503,68.764999,68.764999,0
11-07-2019,68.508102,68.894997,68.202301,68.894997,68.894997,0
18-07-2019,68.785896,69.349998,68.601501,69.019997,69.019997,0
25-07-2019,68.981102,69.357498,68.660004,69.077499,69.077499,0
01-08-2019,68.999901,71.519997,68.866997,71.230003,71.230003,0
08-08-2019,71.165199,71.580002,70.396004,71.080002,71.080002,0
15-08-2019,71.267998,71.995003,70.992996,71.809998,71.809998,0
22-08-2019,71.429497,72.334999,71.370003,71.535004,71.535004,0
29-08-2019,71.819298,72.620003,71.376999,72.459999,72.459999,0
05-09-2019,71.958,72.269997,71.475998,71.859001,71.859001,0
12-09-2019,71.560303,72.322304,70.858002,71.709999,71.709999,0
19-09-2019,71.138,71.717499,70.712303,71.285004,71.285004,0
26-09-2019,70.981003,71.542999,70.365997,71.099998,71.099998,0
03-10-2019,71.140503,71.574997,70.762497,71.209999,71.209999,0
10-10-2019,71.112999,71.760002,70.731499,71.760002,71.760002,0
17-10-2019,71.354401,71.620003,70.708,71.074997,71.074997,0
24-10-2019,70.932503,71.190002,70.6726,70.884598,70.884598,0
31-10-2019,70.989998,71.272499,70.471497,70.894997,70.894997,0
07-11-2019,71.2575,72.191498,70.874802,71.779999,71.779999,0
14-11-2019,72.141602,72.360001,71.572998,71.850998,71.850998,0
21-11-2019,71.980003,71.980003,71.219803,71.428398,71.428398,0
28-11-2019,71.227798,71.959999,71.227699,71.959999,71.959999,0
05-12-2019,71.480003,71.639999,70.653,71.010002,71.010002,0
12-12-2019,70.729202,71.264503,70.471001,71.214996,71.214996,0
19-12-2019,70.989998,71.459999,70.872002,71.459999,71.459999,0
26-12-2019,71.335999,71.561996,71.029999,71.275803,71.275803,0
02-01-2020,71.025002,72.5,71.025002,72.160004,72.160004,0
09-01-2020,71.629997,71.629997,70.606499,70.8451,70.8451,0
16-01-2020,70.932503,71.415001,70.661499,71.169998,71.169998,0
23-01-2020,71.07,71.654999,71.07,71.2304,71.2304,0
30-01-2020,71.300003,71.711998,71.084999,71.099998,71.099998,0
06-02-2020,71.181,71.570999,71.064003,71.275299,71.275299,0
13-02-2020,71.296501,71.815002,71.235802,71.574997,71.574997,0
20-02-2020,71.632896,72.355003,71.525597,71.870003,71.870003,0
27-02-2020,71.663399,74.037498,71.535004,73.342003,73.342003,0
05-03-2020,74.042503,75.144997,73.050003,74.205002,74.205002,0
12-03-2020,74.760002,75.434998,73.580002,74.012398,74.012398,0
19-03-2020,74.982002,77.754997,74.154999,77.260002,77.260002,0
26-03-2020,77.095001,77.377602,73.989998,75.324997,75.324997,0
02-04-2020,76.585503,77.57,75.251999,76.660004,76.660004,0
09-04-2020,75.959,77.199997,75.747498,75.931,75.931,0
16-04-2020,76.500099,77.684998,76.247002,76.969398,76.969398,0
23-04-2020,76.995003,76.995003,75.412003,76.464996,76.464996,0
30-04-2020,75.610001,76.169998,74.805,76.169998,76.169998,0
07-05-2020,76.550003,76.550003,75.039497,75.68,75.68,0
14-05-2020,75.4272,76.185501,75.319298,76,76,0
21-05-2020,75.779999,76.209503,75.381302,75.82,75.82,0
28-05-2020,75.885696,76.129997,74.914398,75.065804,75.065804,0
04-06-2020,75.327698,75.792503,75.281898,75.509804,75.509804,0
11-06-2020,75.875,76.654999,75.5,76.654999,76.654999,0
18-06-2020,76.289803,76.635002,75.466003,75.607803,75.607803,0
25-06-2020,75.970001,75.970001,75.388496,75.75,75.75,0
02-07-2020,75.677498,75.677498,74.430298,75.125,75.125,0
09-07-2020,74.920998,75.574997,74.847801,75.574997,75.574997,0
16-07-2020,75.124901,75.419998,74.4646,74.769997,74.769997,0
23-07-2020,74.82,75.099998,74.513496,75.089996,75.089996,0
30-07-2020,74.8312,75.364998,74.613503,75.25,75.25,0
06-08-2020,75.099998,75.246002,74.515999,74.900002,74.900002,0
13-08-2020,74.997498,75.080002,74.570297,74.794998,74.794998,0
20-08-2020,75.18,75.199997,73.925301,74.452499,74.452499,0
27-08-2020,74.459999,74.459999,72.718498,73.269997,73.269997,0
03-09-2020,73.459999,74.050003,72.893501,73.786797,73.786797,0
10-09-2020,73.550003,73.800003,73.012001,73.800003,73.800003,0
17-09-2020,73.764999,73.800003,73.172997,73.502998,73.502998,0
24-09-2020,74.010002,74.222,73.519302,73.845001,73.845001,0
01-10-2020,73.705002,73.815002,73.027,73.815002,73.815002,0
08-10-2020,73.542503,73.620003,72.933998,73.620003,73.620003,0
15-10-2020,73.4925,73.784203,73.202003,73.647499,73.647499,0
22-10-2020,73.724998,74.251999,73.472801,73.805,73.805,0
29-10-2020,74.440002,75.000999,73.932999,74.655602,74.655602,0
05-11-2020,74.190498,74.537903,73.643097,74.281601,74.281601,0
12-11-2020,74.624802,74.887299,74.035202,74.479698,74.479698,0
19-11-2020,74.419998,74.442299,73.748802,73.9608,73.9608,0
26-11-2020,73.7799,74.268501,73.398003,73.654999,73.654999,0
03-12-2020,73.662598,74.087303,73.530998,73.726402,73.726402,0
10-12-2020,73.817299,73.934998,73.458603,73.759804,73.759804,0
17-12-2020,73.824799,74.269997,73.384697,74.269997,74.269997,0
24-12-2020,73.839798,74.099998,73.101601,73.453598,73.453598,0
31-12-2020,73.134003,73.360001,72.7985,73.374802,73.374802,0
07-01-2021,73.374802,73.778999,73.062798,73.165001,73.165001,0
14-01-2021,73.169998,73.419998,72.8993,73.191902,73.191902,0
21-01-2021,72.907898,73.237503,72.774498,72.919998,72.919998,0
28-01-2021,73.037003,73.324799,72.767502,72.916298,72.916298,0
04-02-2021,72.859802,73.109001,72.777702,72.854897,72.854897,0
11-02-2021,72.807297,73.153999,72.435997,72.934998,72.934998,0
18-02-2021,72.787003,72.804001,72.267998,72.376999,72.376999,0
25-02-2021,72.395599,74.178703,72.278999,73.277496,73.277496,0
04-03-2021,72.880699,73.415298,72.612198,72.775902,72.775902,0
11-03-2021,72.7061,73.008003,72.365501,72.515602,72.515602,0
18-03-2021,72.569801,73.080498,72.265999,72.612198,72.612198,0
25-03-2021,72.645599,73.652298,72.3703,73.445297,73.445297,0
01-04-2021,73.203499,74.532303,73.105003,73.489998,73.489998,0
08-04-2021,74.401497,75.517998,74.180199,75.181503,75.181503,0
15-04-2021,75.054001,75.7248,74.297699,75.449203,75.449203,0
22-04-2021,75.429497,75.614998,74.281998,74.574997,74.574997,0
29-04-2021,74.311798,74.597,73.688301,73.7789,73.7789,0
06-05-2021,73.7995,74.191002,73.166199,73.375099,73.375099,0
13-05-2021,73.681602,73.845299,72.9263,73.128197,73.128197,0
20-05-2021,73.223,73.338997,72.626801,72.804901,72.804901,0
27-05-2021,72.672501,73.434998,72.3358,72.855003,72.855003,0
03-06-2021,72.962196,73.155998,72.741096,72.975304,72.975304,0
10-06-2021,72.985298,73.387001,72.894997,73.344704,73.344704,0
17-06-2021,73.824097,74.5448,73.267998,74.332199,74.332199,0
24-06-2021,74.246902,74.473,74.0625,74.287598,74.287598,0
01-07-2021,74.371101,74.899002,74.203003,74.762901,74.762901,0
08-07-2021,74.821899,74.911003,74.275398,74.659103,74.659103,0
15-07-2021,74.454002,75.205002,74.371696,74.527,74.527,0
22-07-2021,74.440201,74.737999,74.2761,74.502296,74.502296,0
29-07-2021,74.389999,74.623901,74.077797,74.214401,74.214401,0
05-08-2021,74.186302,74.650002,74.045097,74.435501,74.435501,0
12-08-2021,74.100197,74.559799,74.002296,74.364502,74.364502,0
19-08-2021,74.269798,74.475601,74.042198,74.144798,74.144798,0
26-08-2021,74.101799,74.330002,72.9048,72.996696,72.996696,0
02-09-2021,72.9851,73.868401,72.932999,73.390404,73.390404,0
09-09-2021,73.795799,73.870003,73.373802,73.650803,73.650803,0
16-09-2021,73.444801,73.941498,73.336998,73.792702,73.792702,0
23-09-2021,73.875,74.5644,73.588997,74.1633,74.1633,0
30-09-2021,74.317299,75.052902,74.054604,74.563202,74.563202,0
07-10-2021,74.767403,75.699997,74.680496,75.483902,75.483902,0
14-10-2021,75.306297,75.521004,74.749802,75.120102,75.120102,0
21-10-2021,74.809303,75.274803,74.634003,74.888901,74.888901,0
28-10-2021,75.037697,75.322502,74.407997,74.711998,74.711998,0
04-11-2021,74.435501,74.580498,73.830299,74.174797,74.174797,0
11-11-2021,74.404999,74.619003,74.221802,74.458603,74.458603,0
18-11-2021,74.259598,74.734398,74.017998,74.446999,74.446999,0
25-11-2021,74.624802,75.206497,74.447304,75.050903,75.050903,0
02-12-2021,75.017899,75.560501,74.867798,75.4086,75.4086,0
09-12-2021,75.383202,76.4823,75.346497,76.047203,76.047203,0
16-12-2021,76.211403,76.362503,75.402,75.686401,75.686401,0
23-12-2021,75.458504,75.485497,74.502998,74.745003,74.745003,0
30-12-2021,74.570297,74.770302,74.089996,74.534897,74.534897,0
06-01-2022,74.430298,74.703499,73.697502,73.8153,73.8153,0
13-01-2022,73.782799,74.834801,73.782799,74.619698,74.619698,0
20-01-2022,74.449303,75.001503,74.277199,74.779999,74.779999,0
27-01-2022,74.902298,75.366997,74.4328,74.745499,74.745499,0
03-02-2022,74.814796,74.944901,74.539001,74.695198,74.695198,0
10-02-2022,74.808998,75.727203,74.762001,75.174797,75.174797,0
17-02-2022,75.0495,75.303001,74.352997,74.623001,74.623001,0
24-02-2022,74.639801,76.096497,74.629501,75.801201,75.801201,0
03-03-2022,75.638298,77.373497,75.571999,76.914497,76.914497,0
10-03-2022,76.134903,76.981499,75.898697,76.2659,76.2659,0
17-03-2022,76.0242,76.689003,75.759003,76.101898,76.101898,0
24-03-2022,76.552498,76.841499,75.561501,75.666702,75.666702,0
31-03-2022,75.827797,76.1558,75.2575,75.450699,75.450699,0
07-04-2022,75.945099,76.263496,75.708,76.149803,76.149803,0
14-04-2022,76.121696,76.656502,76.056999,76.445396,76.445396,0
21-04-2022,76.276199,77.038002,76.0839,76.794098,76.794098,0
28-04-2022,76.472198,76.829803,76.167999,76.4673,76.4673,0
05-05-2022,76.001602,77.518997,75.994003,77.2714,77.2714,0
12-05-2022,77.418404,78.023804,77.256798,77.372398,77.372398,0
19-05-2022,77.82,78.095001,77.213501,77.478798,77.478798,0
26-05-2022,77.497299,77.941704,77.436501,77.598999,77.598999,0
02-06-2022,77.584099,78.059799,77.3862,77.670601,77.670601,0
09-06-2022,77.724297,78.406799,77.676498,77.985497,77.985497,0
16-06-2022,77.9002,78.400803,77.859901,78.134903,78.134903,0
23-06-2022,78.1931,79.073601,78.1185,79.073196,79.073196,0
30-06-2022,78.8983,79.548302,78.473,79.368401,79.368401,0
07-07-2022,79.0439,80.059502,78.877998,79.476402,79.476402,0
14-07-2022,79.807503,80.255997,79.598099,79.855904,79.855904,0
21-07-2022,80.003403,80.271004,79.686096,79.841202,79.841202,0
28-07-2022,79.847397,80.057297,77.7743,78.6045,78.6045,0
04-08-2022,79.118301,79.814697,78.918503,79.5784,79.5784,0
11-08-2022,79.097801,79.936996,79.0495,79.146004,79.146004,0
18-08-2022,79.359703,80.1548,79.336502,79.8545,79.8545,0
25-08-2022,79.796799,80.160797,79.352997,79.682297,79.682297,0
01-09-2022,79.548798,80.141998,79.279503,79.895103,79.895103,0
08-09-2022,79.649803,79.945999,79.023003,79.602402,79.602402,0
15-09-2022,79.453697,80.155998,79.098602,79.762703,79.762703,0
22-09-2022,80.050697,82.112999,79.929001,81.724602,81.724602,0
29-09-2022,81.428703,82.061996,81.0998,81.4655,81.4655,0
06-10-2022,81.648804,83.064301,81.438004,82.273903,82.273903,0
13-10-2022,82.199997,83.386002,82.011803,82.2864,82.2864,0
20-10-2022,82.997002,83.324997,81.924202,82.445297,82.445297,0
27-10-2022,82.049599,83.123001,81.928299,82.684502,82.684502,0
03-11-2022,82.888397,82.9963,81.172897,81.405197,81.405197,0
10-11-2022,81.343803,81.910004,80.3731,81.071404,81.071404,0
17-11-2022,81.4953,81.994797,81.346298,81.714996,81.714996,0
24-11-2022,81.632896,81.921997,81.280098,81.630898,81.630898,0
01-12-2022,81.305298,82.738503,80.992996,82.3722,82.3722,0
08-12-2022,82.253502,82.911903,82.073997,82.402496,82.402496,0
15-12-2022,82.508003,83.035896,82.414101,82.636902,82.636902,0
22-12-2022,82.878601,82.988297,81.716797,82.7761,82.7761,0
29-12-2022,82.851997,83.030998,82.426201,82.785698,82.785698,0
05-01-2023,82.666496,82.794998,81.498596,81.637398,81.637398,0
12-01-2023,81.631798,81.874001,81.092499,81.525497,81.525497,0
19-01-2023,81.435997,81.765999,80.878502,81.601898,81.601898,0
26-01-2023,81.502701,82.059097,81.355202,81.768402,81.768402,0
02-02-2023,81.710297,82.901299,81.633003,82.741898,82.741898,0
09-02-2023,82.6595,83.016502,82.341003,82.867599,82.867599,0
16-02-2023,82.737701,82.9953,82.587997,82.861198,82.861198,0
23-02-2023,82.835297,83.080299,82.377998,82.635399,82.635399,0
02-03-2023,82.419899,82.657799,81.619003,82.0746,82.0746,0
09-03-2023,81.9645,83.012497,81.627296,82.304901,82.304901,0
16-03-2023,82.715698,82.991997,82.420502,82.677002,82.677002,0
23-03-2023,82.525803,82.529297,82.047096,82.164299,82.164299,0
30-03-2023,82.255402,82.485497,81.835999,82.114799,82.114799,0
06-04-2023,81.949997,82.145897,81.761002,82.070099,82.070099,0
13-04-2023,81.960602,82.276497,81.471497,82.107903,82.107903,0
20-04-2023,82.340103,82.375504,81.681503,81.9916,81.9916,0
27-04-2023,81.766899,81.950996,81.603996,81.778702,81.778702,0
04-05-2023,81.779999,82.212799,81.616997,82.105003,82.105003,0
11-05-2023,81.919899,82.448303,81.781502,82.295998,82.295998,0
18-05-2023,82.450302,82.949402,82.342499,82.890602,82.890602,0
25-05-2023,82.713699,82.809998,82.508797,82.683899,82.683899,0
01-06-2023,82.666801,82.711998,82.234497,82.517197,82.517197,0
08-06-2023,82.618103,82.646797,81.931,82.290398,82.290398,0
15-06-2023,82.044998,82.263199,81.851303,81.991798,81.991798,0
22-06-2023,81.941498,82.085503,81.887398,81.998398,81.998398,0
29-06-2023,82.026497,82.348198,81.766197,82.007103,82.007103,0
